{"_wandb":{"runtime":13031},"val_mae_Temperature":3.6791536808013916,"_runtime":13031,"epoch":20,"_step":230,"trainer/global_step":10540,"test_mae":3.523873805999756,"_timestamp":1.7810139838799284e+09,"train_mae":3.528339385986328,"val_mae":3.6791536808013916,"test_mae_Temperature":3.523873805999756}