epoch,step,train_mae
0,49,5.460909366607666
0,99,4.960689544677734
0,149,5.172056198120117
