epoch,step,train_mae
0,49,13.005584716796875
0,99,6.1751604080200195
0,149,5.364997863769531
0,199,4.897685527801514
0,249,4.826079368591309
