epoch,step,train_mae
0,49,13.071537017822266
0,99,4.3878607749938965
0,149,4.493459701538086
0,199,3.96126127243042
