{"trainer/global_step":10540,"_step":230,"_wandb":{"runtime":6299},"epoch":20,"val_mae_Temperature":3.840576410293579,"test_mae_Temperature":3.841168165206909,"_timestamp":1.782036779566853e+09,"val_mae":3.840576410293579,"_runtime":6299,"train_mae":3.894972801208496,"test_mae":3.841168165206909}