{"_runtime":215,"epoch":0,"trainer/global_step":249,"_timestamp":1.7810012098652022e+09,"_step":4,"train_mae":4.826079368591309,"_wandb":{"runtime":215}}