epoch,step,train_mae
0,49,5.191119194030762
0,99,4.011233806610107
0,149,4.372871398925781
0,199,3.868389844894409
