epoch,step,train_mae
0,49,4.943363189697266
0,99,3.888516902923584
0,149,4.213254451751709
0,199,3.710270881652832
