epoch,step,train_mae
0,49,5.191119194030762
0,99,4.011233806610107
0,149,4.372871398925781
0,199,3.868389844894409
0,249,3.5575084686279297
0,299,3.517341375350952
