epoch,step,train_mae
0,49,13.070805549621582
0,99,4.387207984924316
0,149,4.481926441192627
0,199,3.960975170135498
